to be,TOB,390
and i,SKPEU,378
i was,EUFS,314
for the,TP-RT,272
if you,TPU,253
want to,WA*PBT,252
that i,THAEU,245
of the,-FT,244
i don't,KWROEU,241
on the,OPBT,225
to the,TOT,221
i am,O*EUPL,203
in a,TPHA*EU,198
i had,H*EU,178
i have,SREU,177
i think,KWREUBG,177
at the,TE,176
is a,SA*EU,172
in the,TPH-T,168
all the,AULT,168
going to,TPW*G,163
of a,AEUF,161
i want,EUPT,159
gonna,TKP*G,156
you can,UBG,150
so i,SO*EU,146
a lot,HROELT,146
with the,W-T,144
out of,OUF,140
have to,STRO,138
that is,THAS,138
is the,S-T,137
there is,THR-LGS,135
that the,THAT,132
this is,TH-S,126
i can,AOEUBG,126
i know,KWRO*,122
that you,THAU,120
when i,WHEU,120
and you,SKPU,117
s.,-PS,117
you are,R*U,116
we are,WER,116
but it,TPWUT,116
if i,TPEU,112
you know,KWRAOUPB,111
will be,HR-B,109
have a,SRA,109
when you,WHU,108
i will,HR*EU,108
as a,SA*Z,106
and a,SKPA,106
you want,UPT,105
what i,WHAEU,103
to have,TOF,102
from the,TPR-T,101
there are,THR-R,101
went to,TWOEPBT,100
all of,A*UFL,99
that was,THAFS,99
it was,T-FS,99
started,STARTD,98
what you,WHAU,95
back to,TPWAOBG,95
had a,HA*,94
it was,TWUZ,94
i mean,KWR-PL,93
is that,STHA,92
we have,SWRAOE,91
a lot of,HROEFLT,91
you will,HR*U,90
lot of,HROFT,90
and it,TAPBD,89
i did,TK*EUD,89
to you,TOU,88
of it,T-F,87
and the,SKPAT,86
there was,THR-FS,82
is it,ST,80
a little,HR-LT,79
i could,EUBGD,78
no one,TPHOEUPB,78
is to,STO,77
i didn't,KWREUPBT,77
and he,SKPE,76
where i,WR*EU,75
and the,SKPET,74
i don't know,KWROEPB,73
what is,WHAS,71
and if,TPAPBD,70
one of,WUFPB,70
and the,SKP-T,70
have the,SR-T,69
about the,PW-T,69
have been,SR-B,69
got a,TKPWAOEUT,69
to find,TOFPBD,68
do you,TKOU,68
in this,STHEUPBS,67
with you,WU,67
as the,SAZ,67
to me,TPHE,67
you do,TKO*U,66
are not,R-PBLT,65
that he,THAE,65
more than,PH-RPB,65
used to,TAOUFD,65
able to,TAOEUBL,63
working,WOG,63
is not,STPHOT,62
can be,K-B,62
up to,TOUP,61
other than,O*ERPB,61
he was,EFS,61
be the,-BT,59
as you,AUZ,59
if the,TP-T,59
would be,WOB,59
do not,TKPHOT,59
through the,THRUT,59
out to,TPOUT,58
they were,THERP,58
and all,SKPAUL,58
and so,SAOPBD,57
wanted to,TWAOPBTD,57
is an,SA*PB,56
it's a,TAEUS,56
along,AOL,55
you could,UBGD,55
accept,SEP,55
and to,TAOPBD,54
that a,THA*,54
which was,KH-FS,54
education,TKAEUBGS,54
it was,TWUS,53
at a,TA*,53
up and,SKPUP,53
it a,TA*EU,53
however,,HOUFRBGS,53
invest,SREF,53
see it,STAOE,52
she was,SHEFS,52
or not,ORPBT,52
making,PHAEUG,52
when the,WH-T,51
will not,HR-PBT,51
one that,TWHAUPB,51
exactly,ELG,51
can you,KU,50
use it,TAOUS,50
i see,STPHAOE,50
s and,SKP-PBS,50
of this,TH-F,49
had the,H-T,49
i felt,EUFLT,49
gonna be,TKPW-G/-B,49
may be,PHA*EUB,48
what the,WHAT,47
from a,TPRA*,47
is no,STPHO,47
should be,SHOB,47
first time,TPEURT,47
i would,WOEU,47
and she,SKPHE,46
as it,TAZ,46
which is,SWEU,46
look at,HRAOBGT,46
and more,SKPHOR,45
or the,ORT,45
universe,AO*UFRS,45
like it,THRAOEUBG,44
on this,THOPB,44
one and,SKPWUPB,44
essay,SA*E,44
effective,TPEF,44
in an,TPHA*PB,43
i would,EULD,43
are a,RA*,43
think of,THEUF,43
don't have,STKROEPBT,43
which was,WEUFS,43
i can't,KWRAPBT,43
you are,*UR,43
in all,TPHAUL,42
we could,WEBGD,42
expect,KP-PT,42
she said,SHEBS,41
some people,SPAOEPL,41
on that,THAOPB,41
is not,S-PBLT,41
looking,HRAOG,41
classes,KHRAFS,41
absolute,SHRAOUT,41
so much,SOFP,40
so you,SOU,40
that she,STHAE,40
are you,RU,40
is about,SPW,40
so the,SOT,40
it has,T-Z,40
eyes,AO*EUS,40
we were,WERP,40
has been,HAB,40
ra,RA,40
decided,STKAOEUTD,39
it be,T-B,39
said that,STHAEUD,39
is like,SHRAOEUBG,39
what he,WHAE,39
from you,TPRU,39
as well,SW*EL,38
what a,WHA*,38
and is,SKP-S,38
they can,THEBG,38
could be,KOB,38
will you,HRU,38
them to,THOEUPL,38
that would,THALD,38
constant,STAPBT,38
completely,KPHRELT,38
i wanted,EUPTD,38
talking,TAUG,38
you be,UB,37
he has,HEZ,37
have you,SRU,37
one time,WAOEUPL,37
that time,THAPLT,37
as an,SA*EPB,37
i said,EUBS,37
taking,TAEUG,37
do the,TKO*T,36
can we,KWAOE,36
has to,THAOS,36
one is,SW*UPB,36
with your,WUR,36
you can't,UBGT,36
even if,TPAOEPB,36
know.,TPHOEFPLT,36
you think,UPBG,35
by it,TPWEU,35
he could,HEBGD,35
and have,SKP-F,35
so many,SOEPL,35
then the,THEPBT,35
because it,TPWAUS,35
what are,WHAR,35
i've been,AOEUFB,35
i should,EURBD,35
as long,SHRO*PBG,35
is there,STHR,35
intense,SPWEPBS,35
terror,TROR,35
how it,THOU,34
he can,KE,34
that has,THAZ,34
no matter,TPHAERT,34
do is,STKO,34
honest,HOPBS,34
when it,TWHEPB,33
needed,TPHAOETD,33
how the,HOUT,33
may not,PHAEUPBT,33
one about,TPWHUPB,33
than the,THAPBT,33
and be,SKP-B,33
and had,SKP-D,33
there can,THR-BG,33
may have,PHAEUF,33
shadow,SHOEUD,33
call it,TKAUL,33
i don't want,KWROPT,33
practice,PRA*BS,33
relate,RELT,33
access,KPES,33
and i'm,AOEUPBLD,33
because of,PWAUF,32
mistake,SPHAEUBG,32
there were,THR-RP,32
would have,WOUF,32
this can,TH-BG,32
ed to,TOD,32
instead of,STPHEFD,32
know the,TPHO*ET,32
wanted,WAPTD,32
it can,T-BG,31
that are,THAR,31
which can,KH-BG,31
would not,WOPBLT,31
and will,SKP-L,30
is this,STH,30
out and,SKPOUT,30
what time,WHAPLT,30
who can,WHOBG,30
this the,TH-T,30
it would,T-LD,30
on and,SKPOPB,30
he would,ELD,30
he said,HEBS,30
things that,THAEUPBGS,30
one of the,WUFPBT,30
,",KW-RBGTS,30
competition,KPEGS,30
likely,HREULG,30
you is,SU,30
what was,WHAFS,30
which is,WEUS,30
educate,EGT,30
if a,TPA*EU,29
so long,SOELG,29
there has,THR-Z,29
did a,TKA*,29
did not,TK-PBLT,29
you would,ULD,29
it up,TUP,29
they want,THEPT,29
you know,KWRO*UPB,29
you find,UFPBD,28
could not,KOPBLT,28
they do,TKHOE,28
which will,KH-L,28
what not,WHAPBLT,28
what can,WHA*BG,28
structure,STRUFP,28
will the,HR-T,28
this be,TH-B,28
and are,SKP-R,28
at least,THRAES,28
mistakes,SPHAEUBGS,28
liberal,HREUBL,28
are the,-RT,28
have not,SR-PBLT,27
she has,SHEZ,27
are the,R-T,27
this was,TH-FS,27
you were,WRU,27
they could,THEBGD,27
see this,STHAOE,27
which the,KH-T,27
they would,THELD,27
i am the,KWRAEUPLT,27
behave,PWAEUF,27
to feel,TOFL,27
hard to,THAORD,27
is for,STPOR,27
addition,AGS,27
absolutely,SHRAOULT,27
roman,RO*EPB,27
emotion,AO*EGS,27
battery,PWRART,27
it was,TWAS,27
which are,KH-R,26
if people,TPAOEPL,26
that could,THABGD,26
and an,SKPAPB,26
down the,TKOUPBT,26
i be,EUB,26
accident,STKEPB,26
carefully,KA*EUFL,26
who would,WHOLD,26
magic,SKWREUBG,26
relation,RELGS,26
afford,AFRD,26
grateful,TKPWRA*EUFL,26
related,RAELTD,26
extra,KPRA,26
so,,SORBGS,25
which would,KH-LD,25
who had,HOD,25
she could,SHEBGD,25
and would,SKP-LD,25
after all,AFL,25
how do,TKHOU,25
when had,WH-D,25
up that,THAUP,25
that be,THAB,25
from your,TPRUR,25
realized,AEFLD,25
and can,SKP-BG,25
kind of,KAOEUFPBD,25
funny,TPAOUPB,25
resume,RAOUPL,25
which is,KH-S,25
excite,KPAOEUT,25
the two,TWOT,24
is by,SPWEU,24
would you,WOU,24
what about,WHABT,24
and was,SKP-FS,24
go into,TKPWHAO,24
and find,SKP-FPBD,24
get that,TKPWHAET,24
if not,TP-PBLT,24
and this,THAPBD,24
who has,WHO*Z,24
any of,TPHEUF,24
with our,WOUR,24
talking about,TPWAUG,24
love you,HROUF,24
where the,W-RT,24
uh,,HURBGS,24
as much,SPHUFP,24
you this,THU,24
critical,KR*EUL,24
explore,SPHROR,24
achieve,KHEF,24
response,SPOPBS,24
i remember,EURPL,24
advantage,SRAPG,24
intern,SPWERPB,24
which she,SKHE,23
who was,HOFS,23
did the,TK-T,23
that many,THAEPL,23
at an,TA*PB,23
what would,WHALD,23
without,WOUT,23
at one,TWUPB,23
did you,TKU,23
who i,WHOEU,23
how long,HOUPBG,23
she would,SHELD,23
universe,AOUFRS,23
that i was,THAEUFS,23
remark,RARBG,23
confuse,KAOUFS,23
think about,THEUBT,23
in our,TPHOUR,23
literal,HREURL,23
directly,TKREL,23
into the,TPHAOT,23
investigate,SREGT,23
artist,TR-FT,23
personally,PHRERPBL,23
romantic,ROPLT/EUBG,23
eyes,AO*EUZ,23
impression,PR*EGS,23
university,*UFRT,23
when to,TWHOEPB,22
how can,HOUBG,22
we was,WEFS,22
and did,TKAPBD,22
when will,WH-L,22
do be,TKOB,22
have an,SRA*PB,22
away,WA*EU,22
when have,WH-F,22
i go,TKPWEU,22
come in,TKPHOPL,22
of course,OFBG,22
talent,THREPBT,22
partner,PARPB,22
someone else,SWUPBLS,22
education,STKEUBGS,22
believe that,TPWHRAEF,22
approach,PROEFP,22
application,PAEUBGS,22
annual,AEPBL,22
disappoint,STKPOEUPBT,22
principle,PREUPB,22
fancy,TPAEPBS,22
voltage,SROEPBLG,22
minor,PHAOEURPB,21
we know,W*EPB,21
down in,TKPHOUPB,21
in order,TPHORD,21
were not,WR-PBLT,21
had not,H-PBLT,21
some of,SOFPL,21
how about,HOUB,21
these are,THAOERS,21
would find,WOUFPBD,21
what could,WHABGD,21
when she,SWHE,21
who he,WHO*E,21
before the,PW-FT,21
she can,SHEBG,21
culture,KURLT,21
too much,TAOFP,21
impact,PAEBGT,21
free time,TPRAOEPL,21
multiple,PH-PL,21
instruct,TRUBGT,21
football,TPAOBL,21
defense,TKEFS,21
will go,HR*G,20
i were,EURP,20
can i,KEU,20
find it,TPHAOEUPBD,20
he were,ERP,20
which has,KH-Z,20
call this,TKHAUL,20
will find,HR-FPBD,20
they was,THEFS,20
until the,TPH-LT,20
off the,OFT,20
busy,PW-Z,20
supposed to,STPOEFD,20
ordinary,OERD,20
ively,EUFL,20
can find,K-FPBD,20
failure,TPA*EURL,20
ultimate,UPLT,20
literally,HREUT/RAEL,20
projects,PROPBLGZ,20
operation,OERPGS,20
recommend,REPL,20
extreme,KPAO*EPL,20
how could,HOUBGD,19
which could,KH-BGD,19
call the,KAULT,19
who the,WHOT,19
could find,KOUFPBD,19
when can,WH-BG,19
do i,TKOEU,19
come out,KPHOUT,19
had had,H-D,19
who she,SWHOE,19
into the,SPWAOT,19
have had,SR-D,19
implement,EUPLT,19
as many,SPHAEPB,19
over and,SKPOEFR,19
is going,STKPW-G,19
during the,TKURGT,19
constantly,STAPBLT,19
valuable,SRABL,19
presentation,TREPBGS,19
how much,HOUFP,19
library,HRAOEURB,19
vacation,SRAEUBGS,19
intend,SPWEPBD,19
input,TPH*PT,19
us and,SKP*US,19
ally,A*EL,19
respond,SPOPBD,19
advertise,TEUZ,19
consistent,KAOPBT,19
awkward,AURBGD,19
elaborate,HRARBT,19
sponsor,SPORPBS,19
explain,SPHRAEUB,19
administrate,AD/PH*RT,19
number of,TPHUFPL,18
opposite,OFPT,18
when was,WH-FS,18
been in,TPWH-PB,18
now the,TPHOUT,18
may find,PHAEUFPBD,18
there would,THR-LD,18
who is,SWHO,18
what has,WHAZ,18
come on,KPHAUPB,18
could have,KOUF,18
write about,WREUBT,18
and over,SKPOFR,18
i am a,EU/PHA*EU,18
arrange,ARPBLG,18
back up,PWAUP,18
it could,T-BGD,18
copyright,KPRAOEUT,18
perform,PORPL,18
imagination,PHAEGS,18
recognize,REZ,18
reflect,TPHREBGT,18
mystery,PHOEUFRT,18
specialize,SPERBLZ,18
conversation,K-FRGS,18
assignment,SAOEUPLT,18
questions,KWES,18
actions,-BGSZ,18
perspective,PEF,18
you were,URP,18
advice,SREUS,18
evolution,EFGS,18
and i was,SKPEUFS,18
competitive,KPEF,18
useless,AOUFLS,18
nonsense,STPHOPBS,18
classroom,KHRAOPL,18
enthuse,SPWAOUZ,18
fully,TPHRAOUL,18
consume,KAOUPL,18
welcome,WELG,18
elevate,HR-FT,18
every day,*EFRD,18
inspect,TPH-PT,18
occasionally,KWAEULGS,18
excited,KPAOEUTD,18
revolution,REFGS,18
convince,KWEUPBS,18
regulate,RELGT,18
index,TKEUPBGS,18
gotta,TKPW*T,18
associate,SOERBT,18
and you're,SKPUR,18
what you're,WHAUR,18
genuine,SKWREUPB,18
photograph,TPRAF,18
elect,HREBGT,18
operate,OERPT,17
that were,THARP,17
has not,HAPBLT,17
and could,SKP-BGD,17
when would,WH-LD,17
this were,TH-RP,17
just to,STKWROUFT,17
when were,WH-RP,17
world is,SWORLD,17
architecture,TREGS,17
dirty,TKOEURT,17
part of the,PAFRT,17
sort of,SOFRT,17
error,ROEUR,17
lifetime,TPHRAOEUPL,17
as well as,SW-LS,17
forgive,TPAURG,17
dental,TKEPBL,17
distinct,STKEUPBG,17
effectively,TPEFL,17
benefit,PWEF,17
motivation,PHOEUFGS,17
graduate,TKPWRAUT,17
intention,SPWEPBGS,17
i don't have,KWROF,17
who were,HORP,17
you say,UBZ,17
contra,KORPBT,17
expense,SPEBS,17
tradition,TRAGS,17
remind,R*EUPBD,17
consult,KULT,17
fundamental,TP*UL,17
wonderful,WUFL,17
exception,KPEPGS,17
automatic,AUPL/EUBG,17
useful,AOUFL,17
it wasn't,TWUPBT,17
internship,SPWERPB/SHEUP,17
alcohol,KHOL,17
ually,WAEL,17
in each,TPHAOEFP,16
this would,TH-LD,16
when are,WH-R,16
when has,WH-Z,16
then is,STHEPB,16
this has,TH-Z,16
to then,THOEPB,16
who said,WHOBS,16
what part,WHAPT,16
when is,WH-S,16
this could,TH-BGD,16
escape,SKAEP,16
change it,TKHAEUPBG,16
everywhere,WEFR,16
asset,SA*ET,16
survey,SWAE,16
who could,WHOBGD,16
lonely,HROPBL,16
you should,URBD,16
simply,SPHREU,16
give up,TKPWUP,16
did i,TKEU,16
master,PHAFRT,16
vital,SRAO*EULT,16
analyze,APBLZ,16
ing in,TPH-G,16
primary,PROEUPL,16
mu,PHU,16
commitment,KPHUPLT,16
management,PH-GT,16
factor,TPARBGT,16
admit,TKPHEUT,16
pretty good,PREUGD,16
exclusive,SKAOUS/EUF,16
comply,KPHAOEU,16
complicate,PHREUBGT,16
bitter,PWEURT,16
announce,TPHOUPBS,16
that you're,THAUR,16
tv,T*F,16
uniform,AOUFRPL,16
content,KAUPBT,16
opportunity to,TAOUBT,16
correspond,KOER,16
disturb,TKURB,16
monster,PHOFRT,16
amend,APLD,16
little bit,PWHREULT,16
page is,SPAEUPBLG,16
mysterious,PHEUFT/RUS,16
conference,K-FPBS,16
birthday,PW*RTD,16
excitement,KPAOEUPLT,16
observe,OEB,16
finance,TP-PB,16
membrane,PWRAEUPL,16
apple,A*EPL,15
too many,TAOPL,15
how many,HOUPB,15
and were,SKP-RP,15
she is,SHES,15
what she,SWHAE,15
you said,UBS,15
contain,TAEUPB,15
to its,TOEUTS,15
status,ST*TS,15
take the,TAEUBGT,15
we find,WEFPBD,15
transfer,TRAF,15
easier,AO*ERS,15
former,TPRORPL,15
represent,REPT,15
one's,W*UPBS,15
possess,PESZ,15
aspect,SPAEBGT,15
ending,EPBGD,15
allow,HROU,15
remain,RAEUPL,15
sense of,SEFPBS,15
regard,RARD,15
tribute,TREUBT,15
daytime,TKAEUPLT,15
service,S-FS,15
policy,POEULS,15
apparently,PARPBLT,15
execute,SKAOUT,15
successfully,SK*EFL,15
how was,HOUFS,15
maintenance,PHA*EUPBS,15
precisely,PRAOEUFLS,15
subsequent,SKWEPBT,15
overall,AUFRL,15
deliberate,TKHREUBT,15
uncomfortable,TPH-BL,15
prosecute,PR-T,15
author,A*URT,15
insight,STPHAOEUT,15
argument,ARGT,15
fifteen,TPAEFPB,15
physics,TPEUFBGS,15
,,W-B,15
a little bit,HR-BLT,15
specifically,SPEFL,15
tissue,T*URB,15
clinic,KHRAO*EPG,15
facility,TPA/SEULT,15
services,S-FPS,15
eval,SRA*EL,15
submit,SPHEUT,15
back and,SKPWABG,14
is for,STP-R,14
how were,HOURP,14
been to,TPWOPB,14
too late,TAOLT,14
so far,SOFR,14
realize that,THRAEFLZ,14
indicate,KA*EUT,14
increase,TPHRAO*ES,14
amount of,AFPLT,14
pretend,PREPBD,14
how many,HOUPL,14
you mean,KWRAOUPL,14
depart,TKPART,14
which had,KH-D,14
ing to,TOG,14
because of the,PWAUFT,14
dedicated,TKED/KAEUTD,14
every time,EFRPL,14
should have,SHOUF,14
diverse,TKWERS,14
healthy,HOEUFLT,14
generation,SKWRAEUGS,14
complex,KPHREBGS,14
regional,RAOELGS,14
.s,S*PD,14
rather than,RARPB,14
resent,REFPBT,14
attention,TAEPBGS,14
territory,TERT,14
ing it,T-G,14
between the,TWAOEPBT,14
mirror,PHROR,14
involved,SROFD,14
we should,WERBD,14
to understand,TOPBDZ,14
some of,SPHOF,14
disappear,STKPAOER,14
underground,UPBGD,14
fragment,TPRAPLT,14
attach,TAFP,14
comparison,KPAEURPB,14
fortunately,TP-RPBL,14
cycle,KOEUBG,14
adjust,SKWR*UFT,14
adjustment,SKWR*UPLT,14
disabled,TKABLD,14
qualified,KWAFLD,14
emotion,AO*ELG,14
mostly,PHOFLT,14
friendly,TPREPBLD,14
connections,KEBGSZ,14
meantime,PHAO*EPB/TAOEUPL,14
national,TPHA*RBL,14
intellectual,TWAL,14
negative,TPH*EUF,14
presentation,PREPBGS,14
suburb,SPWURB,14
ugly,ULG,14
emotional,AO*ELGS,14
documentation,TKAOUPLGS,14
bathroom,PWR-PL,14
detect,TKEBGT,14
eliminate,HREUPL/TPHAEUT,14
eternal,T*ERPBL,14
pretty much,PREUFP,14
exam,KPAPL,14
entertainment,TAEUPLT,14
frozen,TPROEFPB,14
sympathetic,SPH*EBG,14
eventually,*ERBL,14
sustain,STAEPB,14
it must,TPHUFT,13
want it,TWAPBT,13
substance,SAUBS,13
separate,SPEPT,13
which part,KH-PT,13
it were,T-RP,13
get so,STKPWOET,13
depend,TK-P,13
concern,KERP,13
orientation,OEURPB/TAEUGS,13
just in,STKPWHRUFT,13
things in,TPHEUPBGS,13
behavior,PWAEUFR,13
academic,TKPHEUBG,13
error,RO*ER,13
image,EUPBLG,13
anywhere,TPHEUR,13
exchange,KPAEUPBG,13
integrity,TERGT,13
intent,SPWEPBT,13
thing to,THOEUPG,13
perceive,SPAOEF,13
and i will,SKP/HREU,13
ai,A*EUP,13
topic,TOEUPG,13
proposition,PROPGS,13
discover,SKOFR,13
campus,KA*PLS,13
service,S*FS,13
communication,KAEUBGS,13
reserve,REFRB,13
active,TAEF,13
integrate,TKPWRA*EUT,13
concentration,SKRAUGS,13
walking,WAUG,13
magical,PHA*LG,13
conclusion,KHRAO*UGS,13
limited,HREUPLTD,13
hardly,HA*RLD,13
article,ARL,13
evaluate,*EFLT,13
pregnant,PREGT,13
classical,KHRAL,13
exploit,SPHROEUT,13
economy,KPHE,13
i have been,EUFB,13
query,KW*ER,13
educational,ELGS,13
instruction,STRUBGS,13
acceptable,SEPL,13
carbon,KARPB,13
extension,STEPBGS,13
routine,ROEUPB,13
researcher,ROEUFRPB,13
running,R*UPBG,13
i can't,KAEUPBT,13
might be,PHAOEUB,13
percent,PERS,13
silver,SEUFRL,13
formation,TPAURGS,13
definite,TKEFPBT,13
dramatic,TKRABG,13
contract,KR-T,13
frighten,TPRAOEUFPB,13
qualify,KW-F,13
publish,PHR*EURB,13
legend,HREGD,13
helpful,HEFPL,13
explanation,SHRAPBGS,13
domestic,PHEFBG,13
acceptance,S*EPS,13
advise,SREUZ,13
totally,THROELT,13
seldom,SELD,13
only in,TPHOEPBL,13
popular,PHRA*R,13
diagram,TKPRAEPL,13
quarter,KWAUR,13
unfortunate,TPHORPBT,13
report,ORP,13
accessible,SEBL,13
eventual,ERBL,13
audio,O*EUD,13
feedback,TPAOEB,13
diplomat,TKEUPL/PHAT,13
connected,K*EBGTD,13
she should,SHERBD,12
in fact,TPH-FT,12
occur,KRUR,12
she been,SHEB,12
implementation,EUFRPGS,12
pronounce,PROUPBS,12
only is,SOEPBL,12
actor,ARBGT,12
accord,K-D,12
somehow,SHOU,12
there could,THR-BGD,12
should go,SHOUG,12
where should,WR-RBD,12
according to,KORGT,12
i.,EUFPLT,12
you ever,UFR,12
sunday,SUPBD,12
faster,TPAFRT,12
its,EUTS,12
organ,O*RPBG,12
exact,SABGT,12
lots of,HROFTS,12
i don't think,KWREUPG,12
they say,THEBZ,12
of course,-FBG,12
identify,AOEUFD,12
they said,THEBS,12
define,TK-PB,12
employ,PHROEU,12
equality,KWAELT,12
scholar,SKHRAR,12
mostly,PHOEFL,12
easy to,TOEZ,12
adventure,SREPBG,12
thing is,TH*EUPBGS,12
s in,TPH-S,12
influence,WEPBS,12
es,ES,12
wisdom,WEUFPLD,12
barrier,PWR*ER,12
absurd,SPWURD,12
beneficial,PWEPBL,12
execution,SKAOUGS,12
contribute,KR-B,12
involve,SROF,12
generate,SKWRAEUT,12
cannot,KAPBLT,12
abuse,PWAOUS,12
positive,PO*F,12
up at the,AUP/TE,12
tender,TERPBD,12
sensation,STPHAEUGS,12
look at the,HRAOBG/STE,12
shiny,SHOEUPB,12
inform,TPH-F,12
indicated,KA*EUTD,12
brilliant,PWREULT,12
discuss,SKUS,12
smoking,SPHOEG,12
restriction,REUBGS,12
panic,PA*PBG,12
beneath,TPHAO*ET,12
insane,STPHAEUPB,12
questionnaire,KWER,12
reduce,RAOUS,12
universal,AOUFRL,12
punish,P-RB,12
stomach,STUPL,12
unite,OEUPBT,12
onto,OEPBT,12
evolve,SRO*FL,12
international,TPHA*EL,12
begin to,STKPWOEUPB,12
constitution,TAOUGS,12
airport,AEURP,12
drama,TKROEUPL,12
improvement,PROFPLT,12
architect,TREGT,12
struggle,STRULG,12
teenage,TAEUPBLG,12
frustrated,TPRUFT/RAEUTD,12
disruption,TKRUPGS,12
resolve,ROF,12
embarrass,EPL/PWARS,12
expected,KP-PTD,12
additional,ALG,12
charity,KHAEURT,12
winning,W-G,12
educator,ERGT,12
propose,PROEP,12
amendment,A/PHEPLT,12
finding,TPAOEPBGD,12
proceed,PROED,12
flexible,TPHREBL,12
turnover,TURPB/SKWROEFR,12
fascinating,TPAS/TPHAEUG,12
simulation,SHRA*EUGS,12
lawsuit,HRAUT,12
lucky,HROEUBG,12
wander,WAERPBD,12
generally,SKWHREPL,12
and a half,TPHAF,12
am not,PH-PBLT,12
website,WEBT,12
talked about,TAUBGTD,12
i say,EUBZ,12
fundamentally,TP*UL/HREU,12
angle,A*PBLG,12
definitely,TKEFPL,12
talk about,TPWAUBG,12
simple,S*EUPL,12
posted,POEFTD,12
perfectly,P-FL,12
prefer,PREFR,12
confused,KAOUFD,12
separation,SERPGS,12
update,AUPTD,12
convert,KWERT,12
ask you,SKU,11
thank you,THAUG,11
too long,TAOPBG,11
what had,WHAD,11
nowhere,TPHO*ER,11
they did,TKHE,11
what were,WHARP,11
made of,PHAEFD,11
began to,STKPWAOPB,11
existence,KPEUFS,11
excessive,EBGS/EF,11
yesterday,KWRED,11
witness,W*PBS,11
painful,PAEUFL,11
unique,AOUPBG,11
much as,PHUFPS,11
honor,HO*RPB,11
expose,SPOEG,11
shadows,SHO*EUDZ,11
dangerous,TKAEUPBLGS,11
ed with,W-D,11
as long as,SHROPBGS,11
freedom,TPRAOEPLD,11
focus,TPOEUBG,11
friendship,TPREP,11
quality,KWALT,11
person who,PWHOERPB,11
fifty,TPAEFT,11
without it,TWOUT,11
stranger,STRAEURPBG,11
frightened,TPRAOEUFPBD,11
within the,W-PBT,11
powerful,POURL,11
communicate,KAEUBGT,11
if you are,TP/RU,11
remarkable,RARBG/-BL,11
authority,THORT,11
participate,PA*EUT,11
responsible,SPOP,11
issue,*URB,11
successful,SKEFL,11
entity,T*EPBT,11
educated,TAEUBGTD,11
disagreement,TKAOEPLT,11
fun to,TPOUPB,11
appeal,AEP,11
connected,KEBGTD,11
filter,TPEURLT,11
nursing,TPHURBGS,11
representation,REPGS,11
subsequently,SKWEPBLT,11
sixteen,STAOEPB,11
compensation,KPEPBGS,11
receive,SAOEF,11
ironic,AO*EURPBG,11
shallow,SHOEUL,11
ladder,HRAERD,11
unusual,TPHAOURB,11
suicide,S-DZ,11
specimen,SPEPL,11
interface,SPWR-FS,11
confer,K-FR,11
musician,PHAOUGS,11
artificial,TPHR*EURBL,11
instinct,STPHEUPBGT,11
frequently,TPREL,11
murder,PHURD,11
invisible,STPHEUBL,11
empirical,PEURL,11
contemplate,KAUPBT/PHRAEUT,11
recipe,SRAO*EP,11
monthly,PHO*PBLT,11
trigger,TREURG,11
separate,SERPT,11
refer,REFR,11
presently,PREPBLT,11
practice,PRABGS,11
intimate,SPWEUPLT,11
transmit,TREUT,11
external,KPERPBL,11
politics,PHREUBGS,11
originally,OEURPBLG,11
fellow,TP*EL,11
only if,TPOEPBL,11
terrorism,TREUFPL,11
submission,SPHEUGS,11
necessarily,TPHELS,11
workshop,WO*P,11
guarantee,TKPWARPBT,11
processing,PROEUFG,11
investigator,SROERGT,11
undoubtedly,UPB/TKOUT/HREU,11
demon,TKPHOPB,11
recover,ROFR,11
adverse,STKWERS,11
silly,SHREU,11
interrupt,SPWRUPT,11
detective,TK-BGT,11
annually,APB/WAEL,11
offend,OFPBD,11
accommodate,TKA*ET,11
as long as,SHROPBGZ,11
equipment,KWEUPLT,11
i don't think,KWROPBG,11
found out that,TPOUPBD/THOT,11
search that,STHAEFRPB,11
greatly,TKPWRAELT,11
unfortunately,UFL,11
regulator,RELG/TOR,11
protein,PROEUPB,11
extensive,KPEUPBS/EUF,11
interpretation,TERPGS,11
puzzle,PUFL,11
unable,TPHA*EUBL,11
explosion,SPHROEGS,11
places,PHRAEUSZ,11
layout,HRO*EUT,11
vitamin,SRAO*EUPB,11
learned that,THRAERPBD,11
clearly,KAOERL,11
prices,PRAOEUSZ,11
monday,PHOPBD,11
request,KW,11
supervise,SAO*UFPZ,11
photography,TPOEUF,11
concentrate,SKRAEUT,11
dismiss,STKPHEUS,11
except,KPEPT,11
observer,OERB,11
accelerate,SHRERT,11
institution,STPHAOUG,11
funeral,TPAOUPBL,11
inability,TPHABLT,11
to want,TOPT,10
she were,SHERP,10
that should,THARBD,10
were the,WR-T,10
might have,PHAOEUF,10
those of,THOEFS,10
all of the,AUFLT,10
accordingly,K-LD,10
convention,KEFPBS,10
when could,WH-BGD,10
now have,TPHOUF,10
above the,PWOFT,10
ambulance,PWHRAPBS,10
when you're,WHUR,10
excess,KP*ES,10
absorb,SPWORB,10
justify,SKWR*UF,10
strategy,STRAPBLG,10
full of,TPUFL,10
worth it,TWO*RT,10
memory,PHOEURPL,10
and feel,SKP-FL,10
actually,TWAEUL,10
awareness,A/WAEURPBS,10
--,K-RB,10
obviously,OBL,10
horror,HRO*R,10
everything that,THAEFRG,10
local,HROEL,10
sources,SORSZ,10
engineer,TKPWRAO*ER,10
regardless,RARLD,10
accepted,SEPD,10
high school,HAOL,10
arrow,RO*EUR,10
means that,TPHAOEPBS,10
housing,HOUG,10
cd,KR*D,10
differently,TKEUFRL,10
created,KRAOETD,10
in front,STPROPBT,10
front of,TPROFPBT,10
identity,AOEUTD,10
supportive,SPORBL,10
bedroom,PW-PL,10
cabinet,KABT,10
contender,K*ERPBD,10
midnight,PHAOEUPBT,10
crisis,KRA*ES,10
credible,KREUBL,10
anticipate,SPA*EUT,10
asleep,SHRAO*EP,10
reassure,RAE/SHAOUR,10
circulation,SHRAEURBGS,10
it would be,TWOB,10
circulate,SKHRAEUT,10
calculation,KHRAEUGS,10
grandmother,TKPWR-PL,10
nearby,TPHAERB,10
platform,PHRORPL,10
emotionally,A*ELGS,10
momentum,PHO*EPLT,10
military,PHEULT,10
difficulty,TKOEUFLT,10
upgrade,UPGD,10
depress,TKPRES,10
dependence,TKPEPBS,10
demonstration,TKPHOPBGS,10
comedy,KOPLD,10
retirement,RAO*EUPLT,10
activate,TA*EFT,10
utterly,UT/ERL,10
detection,TKEBGS,10
waking,WAEUG,10
weekly,WAOELG,10
would the,WOT,10
appoint,POEUPB,10
gradually,TKPWRAELD,10
political,PHREUL,10
faculty,TPA*BG,10
tonight,TOPBT,10
violence,SROEUPBLS,10
inhabit,TPHABT,10
discharge,TKARPBLG,10
discount,TK-BG,10
advance,SRAPBS,10
athlete,THRAO*ET,10
toxic,TOEUBGS,10
narrow,TPHO*EUR,10
capacity,KPAFT,10
recourse,RAOERBGS,10
organization,ORGS,10
transform,TR-FRPL,10
is that the,STHAT,10
forthcoming,TPO*RT/KOPLG,10
indicate,KAEULT,10
duration,TKRAEUGS,10
fundament,TP*UPLT,10
expert,SPERT,10
powder,PO*URD,10
committee,KPHAOE,10
nationwide,TPHAEUGS/WAOEUD,10
homework,HOERBG,10
genetic,SKWR*EPBG,10
concrete,KRAOEPBT,10
runner,RAOURPB,10
contradiction,KROEUBGS,10
exile,KPAO*EUL,10
superior,SPOEUR,10
household,HOUS/HOLD,10
overwhelm,AUFRPL,10
forty,TPOURT,10
intake,SPWAEUBG,10
rumor,RAOURPL,10
motive,PHO*EUFT,10
simulate,SPHRAEUT,10
diagnose,TK-G,10
convict,K-FBGT,10
gonna,KPW*G,10
threaten,THREFPB,10
formula,TPHRORPL,10
anxiety,KPAO*EUT,10
expression,KPR*EGS,10
invited,EUPB/SRAOEUTD,10
worked,WORBGD,10
accidentally,STKEPBLT,10
believe in,TPWHREF,10
virtue,SRAOURT,10
honestly,HOPBLS,10
exclusion,SKHRAOUGS,10
and you'll,SKPUL,10
we can't,WEBGT,10
excellent,KPHREPBT,10
television,TELGS,10
infra,EUFRPB,10
injection,SKPWREBGS,10
address,TKROEUS,10
confirmation,KEURPGS,10
i understand,EUPBDZ,10
administrator,STRAEUR,10
hopeful,HOEFL,10
nevertheless,TPHEFRLS,10
normally,TPHO*L,10
administrative,STKRAEUF,10
assumption,SUPLS,10
supplement,S*UPLT,10
suspend,SP*EPBD,10
review,RAOU,10
shelter,SHELT,10
reporter,ROERP,10
adaptation,TKAP/TAEUGS,10
conduct,KUBGT,10
vehicle,SREBG,9
how would,HOULD,9
present to,TPROEPBT,9
conception,KEPGS,9
have said,SR-BS,9
form of,TPOFRPL,9
worker,WRORBG,9
too large,TAORPBLG,9
cannot,SK-PBT,9
medication,PHA*EUBS,9
good day,TKPW-D,9
all right,HRAOEURBLT,9
group of,TKPWRAOUFP,9
wondering,WOPBGD,9
it should,T-RBD,9
as far,STPA*R,9
lately,HRAEULT,9
older,OERLD,9
mind is,SPHAOEUPBD,9
thinking,THEUG,9
sacred,SKRED,9
programming,PRAPLG,9
just go,STKPWRUFT,9
normal,TPHOL,9
risky,ROEUFBG,9
elsewhere,WRELS,9
yes.,KWR*EFPLT,9
fantasy,TPAEPBTS,9
over time,OEFRPL,9
girlfriend,TKPWOEUF,9
listen to,THROEUFPB,9
question is,SKWE,9
functional,TPUPBLGS,9
exist,KPEUFT,9
from us,TPRUS,9
should not,SH-PBLT,9
just about,SKWRABT,9
fitness,TP*PBS,9
different from,TKREUFRPB,9
despite,STKPAOEUT,9
repair,RAO*EP,9
discovery,SKOEFR,9
speaking,SPAEG,9
priority,PRAOEURT,9
author,THOER,9
racing,RAEFG,9
human being,HAOUB,9
you have a,U/SRA*E,9
demonstrate,STKRAEUT,9
therapist,TH*EUFT,9
expensive,SP*EF,9
robot,ROEBT,9
mentor,PHERPBT,9
admire,TKPHEUR,9
disappointed,TKEUS/POEUPBTD,9
overly,OEFRL,9
incredible,TPHEBL,9
telephone,TEFL,9
fifteen,TPEUFPB,9
spotlight,SP-LT,9
allocation,KHRA*EUG,9
enthusiast,THAOUS/KWRAFT,9
explode,SPHROED,9
radiation,RAEGS,9
vulnerable,SRUBL,9
united,KWRAOEUPBTD,9
offense,OFPBS,9
distress,STKRES,9
genius,SKWRAOEPBS,9
discrim,STKREUPL,9
discrimination,SKREUPL/TPHAUGS,9
apartment,ARPLT,9
striking,STRAOEUG,9
does that,TKHAOS,9
residence,R*EPBS,9
trouser,TROURS,9
consequence,KWEPS,9
punish,P*RB,9
you wanted,UPTD,9
reasonable,R-PBL,9
forum,TPAURPL,9
recording,RORGD,9
sexual,SWAUL,9
alex,A*LGS,9
consideration,K-RGS,9
capture,KA*FP,9
chronic,KRO*BG,9
chemistry,SKR*EU,9
economic,KPHEBG,9
intact,TAEBGT,9
female,TPAEL,9
thesis,THAES,9
faces,TPAEUFS,9
iveness,EUFPBS,9
effectiveness,TPEFPBS,9
income,TPH-BG,9
spectrum,SPREPL,9
conflict,TPHREUBGT,9
nervous,TPHEFRS,9
vocal,SROELG,9
privacy,PROEUF,9
disposal,TKOEFL,9
device,TKWEUS,9
strongly,STROPBLG,9
transformation,TR-FRGS,9
defect,TKAOEFT,9
testify,T*EF,9
if i'm,TPAOEUPL,9
and the other,SKPOERT,9
announcement,TPHOUPLT,9
incorporate,TPHORPT,9
internal,SPWERPBL,9
edit,ETD,9
consensus,SKEPBS,9
venture,SRERPBT,9
canal,KAPBL,9
transmission,TR*EUGS,9
estimate,STEUPLT,9
chemical,KHEL,9
investor,SREFR,9
surrender,SREPBD/UR,9
primarily,PROEURL,9
ultimately,*ULT,9
interpret,TERP,9
disaster,STKAFR,9
deny,TKOEUPB,9
breakfast,PWR-FS,9
outcome,KWUPL,9
innovate,TPHO*FT,9
dvd,TK*FD,9
closely,KHROELS,9
automatically,AUPL/HREU,9
relaxed,RE/HRAGD,9
where he,WRE,9
default,TKEFLT,9
navigation,TPHAFGS,9
border,PWRORD,9
start to,STAORT,9
specialist,SPEFLT,9
interval,SPWR-FL,9
associated,SOERBD,9
distract,STKRABGT,9
cooking,KAOG,9
aircraft,AEURBGT,9
recommendation,REPLGS,9
daughter,TKAUR,9
profound,PROFPBD,9
presume,PRAOUPL,9
equip,KWEUP,9
arrest,A*EURS,9
chamber,KHAEURPL,9
o'clock,KHRO*BG,9
stimulus,SHRUS,9
prosecutor,PR-RT,9
dispute,STKPAOUT,9
attribute,TR-BT,9
wasted,WAEFD,9
lot of the,HRO*EFT,9
a lot of the,HROEFLT/-FT,9
apology,POLG,9
gonna,TKW*G,9
laser,HRAERZ,9
baseball,SPWAUL,9
diversity,TKWEFRT,9
national,TPHAT,9
disagree,TAO*EG,9
indicator,KOERT,9
institute,STPHAO*UT,9
perception,PERPGS,9
naturally,TPHAERL,9
intellect,SPWHREBGT,9
proceeds,PRAOEDZ,9
relatively,RE/TEUFL,9
moderate,PHO*RTD,9
consistency,KAOPBS,9
reply,PHREU,9
surrounding,SROUPBGD,9
estate,STAET,9
monitor,PHORPT,9
concert,KERT,9
over it,TOEFR,8
stenography,STPHOG/TPEU,8
over with,WOEFR,8
happened to,THAOPD,8
license,HR-PB,8
put it,TPUT,8
defend,TKEFD,8
difficult,TKEUFL,8
magnet,PHEGT,8
who is,WHOS,8
best way to,PWEFT/TWAOEU,8
locate,HROEBG,8
top of the,TOFPT,8
adult,TKULT,8
merely,PHAOERL,8
reference,REFRPBS,8
doing the,TKAOGT,8
instantly,STPHAPBL,8
laughter,HRAFR,8
public school,PHRAOUL,8
miserable,PHEUFRBL,8
argue,ARG,8
top of,TOFP,8
equally,KWAEL,8
they know,TH*EPB,8
is too,STAO,8
concept,K*EPT,8
exit,KPEUT,8
and also,SKPALS,8
indication,KA*EUGS,8
s is,S-S,8
depression,TKPREGS,8
resources,RE/SORSZ,8
prevent,PREFPBT,8
publicity,PHR*EUFT,8
initiate,PH*EURBT,8
ready to,TKRAOE,8
to believe,TOBL,8
numerous,TPHAOUPLS,8
affordable,AFRBL,8
raising,RA*EUFG,8
learn to,THROERPB,8
restrict,REUBGT,8
mixed,PHEUGD,8
humble,HUFRBL,8
dissolve,STKOF,8
recognition,REBGS,8
guidance,TKPWAOEUPBS,8
artistic,TR*EUFBG,8
deeply,TKAO*EPL,8
guitar,TKPWAUR,8
compose,KPOEZ,8
kidney,KO*EUPD,8
dialogue,TKHROG,8
stimulate,ST*EUPLT,8
incredibly,TPHRERBL,8
threshold,THRERBLD,8
fiscal,TPEUFBG,8
turn the,TURPBT,8
can feel,K-FL,8
regulation,RAEUGS,8
furniture,TPURPBT,8
economics,KPHEBGS,8
enthusiastic,THU/ST-BG,8
basically,PWHAEUFBG,8
deliberately,TKHREUBLT,8
excess,KPESZ,8
corporate,KORPT,8
specify,SPEF,8
legislative,HRA*EUF,8
promotion,PROEGS,8
asylum,SHRAO*EUPL,8
anyway,TPHAE,8
disadvantage,TKEUS/SRAPBG,8
extract,KPRABGT,8
i don't even,KWRAO*EFPB,8
presence,PREPBS,8
item,AOEUPLT,8
prediction,PREUBGS,8
manipulate,PHAPB/PHRAEUT,8
component,KPOEPT,8
elderly,ERLD,8
borrow,PWO*ER,8
guilty,TKPW-LT,8
network,TPHERBG,8
consequent,SKW*EPBT,8
punishment,PUPLT,8
bacteria,PWAOERBT,8
dispose,STKPOES,8
convenience,SRAOEPBS,8
conserve,KWEFRB,8
percentage,PWERPBLG,8
conversion,KERGS,8
institution,STPHAO*UGS,8
responsibility,SPOBLT,8
quickly,KWULG,8
outlet,AOUT/HRET,8
forty,TPOERT,8
delighted,TKHRAOEUTD,8
variation,SRAEURGS,8
traditional,TRAL,8
advertising,TAOEUFG,8
extensively,EBGS/TEPBS/EUFL,8
segment,S*EPLT,8
humanity,HAOUPLT,8
i haven't,EUFPBT,8
inhabitant,HAB/TAPBT,8
agent,AGT,8
sticky,STO*EUBG,8
measurement,PHEPLT,8
render,RERPBD,8
merchant,PHEFRPBT,8
constitution,TAO*UGS,8
december,TKAOES,8
cultural,KAOUFPL,8
examination,KP-GS,8
actually,TAOULT,8
decisive,STKAOEUFS,8
debate,TKPA*EUT,8
advertisement,TEUPLT,8
headquarters,H-RS,8
spider,SPAOEURD,8
uncle,*UPBG,8
motor,PHOETS,8
helmet,HEPLT,8
peculiar,PEBG/HRAR,8
cycle,SOEUBG,8
if i was,TPEUFS,8
exceed,KPAOED,8
destruct,TKRUBGT,8
predict,PREUBGT,8
luckily,HRULG,8
positive,PEUF,8
correctly,KRELG,8
for example,TPOERBGS,8
oppose,OPZ,8
legit,HREPBLGT,8
deprive,TKPRAOEUF,8
historical,HOEURL,8
copper,KO*RP,8
countryside,KUPBT/SAOEUD,8
exclusively,SKHRAOUFL,8
depressed,TKPREFD,8
poster,POEFRT,8
harass,HARS,8
harassment,HARPLT,8
choices,KHOEUFS,8
ridiculous,REULGS,8
inspiration,SPRAEUGS,8
submitted,SPHEUTD,8
apparatus,AP/RATS,8
hypothesis,HA*ES,8
significantly,SEULG,8
first name,TPEURPB,8
i ever,EUFR,8
editor,ERTD,8
assistant,SEUFPBT,8
minority,PHAOEURPBT,8
completed,KPHRAOETD,8
isolated,AOEUS/HRAEUTD,8
constitutional,STAOULGS,8
consultant,KULT/APBLT,8
assault,SA*ULT,8
chicken,KH*EUPB,8
combine,KPWAOEUPB,8
magnetic,PH*EGT,8
i didn't have,KWREUF,8
items,AOEUPLTS,8
high school,HAO*L,8
proposal,PROEL,8
astonishing,A/STOPB/EURBG,8
leisure,HR*ERB,8
if you have,TPUF,8
encouragement,EPB/KORPLT,8
embarrassed,EPL/PWRAFD,8
container,KAUPB/TEURPB,8
likelihood,4R50*D,8
customer,KUFR,8
integrated,EUPB/TKPWRAEUTD,8
election,HREBGS,8
massive,PHEUFS,8
substitution,STUGS,8
domain,TKPHAEUPB,8
valid,SRALD,8
potentially,PHREPBL,8
preparation,PREPGS,8
sustainable,STAEUPBL,8
embarrass,EPL/PWRAS,8
situated,SWAEUTD,8
respect,R-PT,8
occasional,KWAEULG,8
devise,TKWAOEUZ,8
competitor,KPOR,8
institutional,TPHAOUGS/A*L,8
behalf,PWAF,8
genuinely,SKWREUPBL,8
excellence,KPHREPBS,8
friday,TPREU,8
california,KRA,8
financial,TP-PBL,8
confirm,KEURPL,8
gender,SKWRERPBD,8
lethal,HRAO*ELT,8
carry,KAER,8
obstacle,OBS/K-L,8
what i was,WHAEUFS,8
entire,SPWAOEUR,7
liquid,KWEULD,7
which were,WEURP,7
housework,HOURBG,7
hold it,THOELD,7
system that,STHAPL,7
turn it,THURPB,7
may want,PHAEUPT,7
would feel,WOUFL,7
every night,EFRPBT,7
over there,THROEFR,7
hand and,SKPHAPBD,7
helpful,H*EFL,7
great many,TKPWRAEPL,7
such as,SUFPS,7
i don't know if,KWROEFPB,7
if you were,TPURP,7
discretion,SKREGS,7
electric,TR*EUBG,7
neighbor,TPHAEUB,7
point in,TPHOEUPBT,7
obligation,TKPWHRAUGS,7
alter,AURLT,7
off and,SKPOF,7
protocol,PROELT,7
visitor,SREUFRT,7
ies,KWREUS,7
frequency,TPR*EBGS,7
identical,AO*EULG,7
survive,SWAOEUF,7
she think,SHEPBG,7
along with,A/WHROPBG,7
enable,TPHAEUBL,7
highly,HAOEUL,7
s on,OPBS,7
what happens,WHAPS,7
encounter,EPB/KOUPBTS,7
presentations,PREPBGS/-S,7
which should,KH-RBD,7
frustration,TPRUFGS,7
intro,SPWRO,7
stand in,STPHAPBD,7
innovation,TPHO*FGS,7
promote,PROEPLT,7
called in,TKPHAULD,7
whisper,WHEUFR,7
must find,PHUFPBD,7
oral,ORL,7
material,TAOERL,7
engineering,TKPWRAO*ERPBG,7
monument,PHOPLT,7
administration,A*D/PH*RGS,7
why are,KWR-R,7
chance to,TKHAOPBS,7
confront,K-FRPBT,7
dynamic,TKPHAOEUBG,7
else's,*ELS,7
withdrawal,WAURL,7
possibly,POBL,7
if i can,TP/EUBG,7
and i can,SKPEUBG,7
human beings,HAOUBGS,7
experiences,SPAOERPBSZ,7
interact,TPHRABGT,7
access to,ABG/STOES,7
victim,SREUPL,7
versus,SR*S,7
laboratory,HROERB,7
chairman,KHEURPL,7
theoretical,THOEURL,7
applicable,PHREUBL,7
folding,TPOELGD,7
reform,RORPL,7
display,TKPHRAEU,7
very, very,SRE/SRE,7
similarity,SHRART,7
button,PW*PB,7
linear,HREURPB,7
whereas,WRAZ,7
scholar,SKHRA*R,7
formal,TPORL,7
informal,TPH-F/AL,7
manner,PHAERPB,7
ed in,TPH-D,7
arrival,AFRL,7
campaign,KPAEUPB,7
unusually,TPHAOURBL,7
participant,PARPT,7
resignation,REZ/TPHAEUGS,7
severe,SWAOER,7
castle,KAFL,7
opponent,POEPBT,7
mobilize,PHOEBLZ,7
litter,HREURT,7
fairness,TPAEURPBS,7
intervention,TWEPBGS,7
lies,HRAO*EUZ,7
violent,SROEUPBLT,7
butter,PWAOURT,7
entitle,SPWAOEULT,7
tenant,TAEPBT,7
ized,AO*EUFD,7
population,PHRAEUGS,7
united,AOUPBTD,7
enforcement,EPB/TPORPLT,7
research,REFRPB,7
is also,S-LS,7
adoption,TKOPGS,7
embarrassment,EPL/PWRAPLT,7
exhibition,KPEUBGS,7
he should,HERBD,7
annoyed,TPHOEUD,7
latin,HRA*PB,7
noticed,TPH-TD,7
college,KHREPBLG,7
mature,PHAEUFP,7
insult,STPHULT,7
venue,SRAOUPB,7
museum,PHAOUPL,7
foster,TPOFRT,7
passive,PEUFS,7
transportation,TR-PGS,7
neutral,TPHAOURLT,7
delivery,TKHROEUFR,7
affection,AFBGS,7
aesthetic,STHEBG,7
depict,TKPEUBGT,7
translate,THRAEUT,7
syndrome,STROEPL,7
consultation,SKULGS,7
shortly,SHORLT,7
uncertainty,STPHERPBT,7
prisoner,PREURZ,7
owner,OERPB,7
apologize,POLZ,7
grandparent,TKPWR-PT,7
inject,SKWR*BGT,7
garbage,TKPWARBG,7
advanced,SRAPBSD,7
embarrassing,EPL/PWRAFG,7
pilot,PAOEULT,7
farming,TPARPLG,7
attractive,A/TRAF,7
indict,TKAO*EUT,7
indictment,TKAO*EUPLT,7
colleague,KHRAOEG,7
accumulate,ABG/HRAEUT,7
basically,PWHRAEUFL,7
lies,HRAO*EUS,7
vacuum,SRAOUPL,7
administer,TKPHER,7
utilize,THRAOEUZ,7
devastate,TKWAFT,7
resistance,REUFBS,7
formerly,TPORPL/ERL,7
outsider,SWAOEURD,7
banner,PWAERPB,7
intelligent,SPWELT,7
retire,RAO*EUR,7
manager,PHARPBG,7
neglect,TPHEG,7
don't go,TKPWOEPBT,7
selective,SHREF,7
interactive,TPHRAF,7
surgical,SURL,7
exceptional,KPEPGS/AL,7
civilization,SEUFLGS,7
shatter,SHAERT,7
overwhelming,AUFR/WHEPLG,7
proceeding,PRAOEGD,7
native,TPHAEUFT,7
initially,TPHREURBL,7
charming,KHARPLG,7
forest,TPO*RS,7
photograph,TPOEF,7
occupation,OUPGS,7
voices,SROEUFS,7
explicitly,EBGS/PHREUFLT,7
sorrow,SROE,7
temple,TEFRPL,7
appointment,POEUPLT,7
inner,EURPB,7
causing,KAUFG,7
ing and,SKP-G,7
union,TPHAOUPB,7
that you will,THAUL,7
industrial,STREUL,7
lethargic,THARBG,7
which feel,KH-FL,7
literature,HR*EUFP,7
rubber,RAOURB,7
municipal,PHUPB/SPAL,7
technique,TAO*EBG,7
instance,STPHAPBS,7
exciting,KPAOEUG,7
companion,KPAPB/KWROPB,7
possession,P*EGS,7
experienced,SPAOERPBD,7
endorsement,EPB/TKORPLT,7
preference,PREFPBS,7
standard,12-D,7
liberty,HREUBT,7
camera,KOEURPL,7
firearm,TPAOEURPL,7
event,EFPBT,7
complement,PHREPLT,7
accordance,A/KORPBS,7
testimony,T*PL,7
prosecution,PR-GS,7
mineral,PHEUPBL,7
relevant,REFLT,7
i've got,AOEUFGT,7
credibility,KREBLT,7
suburban,SPWURPB,7
atmosphere,ATS/TPAOER,7
derive,TKAO*EUF,7
validity,SRALD/TEU,7
senior,SOEURPB,7
exert,KPERT,7
provision,PREUFGS,7
excuse,KPAOUZ,7
principal,PRAL,7
recycle,ROEUBG,7
biscuit,PWEUFBGT,7
amazed,A/PHAEUFD,7
expend,KPEPBD,7
expenditure,SPEPBD/TAOUR,7
formal,TPO*L,7
critically,KREUT/HREU,7
partially,PHRARBL,7
seventeen,STPAOEPB,7
amusing,A/PHAOUFG,7
careless,KAEURLS,7
exercise,KPERZ,7
formulate,TPHRAEURT,7
regularly,RELG,7
teenager,TAEURPBLG,7
equivalent,KWEUFL,7
classification,KHRAEUFGS,7
pursuit,PRAOUT,7
conviction,K-FBGS,7
theology,THAOELG,7
broadly,PWRAORLD,7
construction,KRUBGS,7
blessing,PWHR*EFG,7
examine,KP,7
depressing,TKPREFG,7
producer,PROUR,7
wednesday,WEPBD,7
criminal,KR-L,7
judicial,SKWREURBL,7
army,AERPL,6
industry,STREU,6
who think,WHOPBG,6
message,PHEPBLG,6
cotton,KO*PBT,6
located,HROEBGD,6
affect,AFBGT,6
since it,STEUPBS,6
come here,KPHAOER,6
mistaken,SPHAEUPB,6
few of,TPAOUF,6
beforehand,PW-FRPBD,6
who want,WHOPT,6
she want,SHEPT,6
welcome to,TWOELG,6
found that,TPHAOUPBD,6
even in,TPHAOEPB,6
greatest,TKPWRAEFT,6
allowed to,THRO*UD,6
atom,TOPLT,6
felt that,TPHAELT,6
sunshine,SUPB/SHAO*EUPB,6
standard,ST-D,6
example of,KP-FPL,6
contest,KEFT,6
very many,SR-RPL,6
that much,THAFP,6
have you ever,SRUFR,6
who feel,WHOFL,6
whereby,WR-B,6
confusion,KAUFGS,6
as good,STKPWAOD,6
what should,WHARBD,6
learning,HRERPG,6
relationship,R*EUP,6
standing,STAPBG,6
it feels,T-FLS,6
things are,THREUPBGS,6
tumble,TUFRBL,6
impressive,EUPL/PREF,6
refused,RAO*UFD,6
prepare,PRAEP,6
discovery,SKO*EUFR,6
accomplishment,PHREUPLT,6
resource,SRORS,6
currently,KURPBLT,6
courses,KORSZ,6
mental,PHEPBL,6
experiences,SPAOEFRPBS,6
effect,EFBG,6
qualification,KW-FGS,6
places,PHRAEUFS,6
new york,TPHORB,6
category,KOERG,6
withdraw,WRAU,6
incident,STK*EPBT,6
musical,PHAO*UL,6
everything to,TOEFRG,6
s from,TPR-S,6
were the,-RPT,6
beings,-BGZ,6
while the,WHAOEULT,6
other side,O*ERDZ,6
works,WORBGS,6
will be the,HR-BT,6
learning to,THROERPBG,6
motivated,PHOET/SRAEUTD,6
activities,TAEFTS,6
disability,TKABLT,6
consent,KEFPBT,6
conscience,KAUPBGS,6
independence,P*EPBS,6
tribunal,TREU/PWAOUPBL,6
disorder,TKORD,6
principles,PREUPBZ,6
investment,SREFPT,6
boyfriend,PWOEUF,6
that i will,THA/HREU,6
all of you,AUFL/U,6
clinical,KHR*EUL,6
rapid,RAPD,6
deployment,TKPHROEUPLT,6
package,PAPBLG,6
tourist,TUFRT,6
organized,ORGD,6
deficit,TK*EFT,6
integral,TKPWRA*L,6
appearance,PAOERPBS,6
amazing,PHAEUZ/-G,6
briefly,PWREFL,6
all the other,AUL/OERT,6
midst,PHEUDZ,6
preliminary,PREL,6
veteran,SR*ERPB,6
understand what,WHAURPBD,6
emergency,PH-PBLG,6
custom,KUFPL,6
audit,AUTD,6
cluster,KHRUFRT,6
unlikely,UPB/HRAOEUL,6
balanced,PWALD,6
where will,WR-L,6
dentist,TK*EUFT,6
should i,SHOEU,6
circuit,SEURBGT,6
grandfather,TKPWR-F,6
bicycle,PWOEUBG,6
interior,OERPBT,6
systematic,SPH-BG,6
reminder,RAOEURPBD,6
projection,PROPBGS,6
stunning,STAOUPBG,6
used,AOUFD,6
cases,KAEUSZ,6
meant to,TPHOEPBT,6
compensate,KPEPS/A*T,6
divert,TKWERT,6
organizational,ORG/A*L,6
hunger,HURPBG,6
good job,TKPWAOPBLG,6
characterize,KRARZ,6
manipulation,PHAPB/PHRAEUGS,6
origin,O*RPBLG,6
constituency,SWEPBS,6
and should,SKP-RBD,6
person is,SPERPB,6
hopefully,PHO*EFL,6
observation,OFGS,6
framework,TPRORBG,6
founder,TPOURPBD,6
ownership,OERP,6
quarters,KWRARTS,6
configuration,TKPWRAEUGS,6
naturally,TPHRARL,6
arena,A/RO*EUPB,6
previously,PRAOEFL,6
mechanical,PH-BG/KAL,6
vertical,SRERL,6
honesty,HOPBTS,6
applicant,AP/KAPBT,6
obese,PWAO*ES,6
obesity,PWAO*EFT,6
accounting,K-GT,6
preserve,PREFRB,6
pieces,PAOESZ,6
rapidly,RAEPLD,6
mainly,PHAEUPBL,6
motor,PHOERT,6
starting,STARGT,6
poison,POEUGS,6
legitimate,HREPBLG/PHAT,6
viewpoint,SRAOUPT,6
authorize,THOR,6
audience,AUPBS,6
testing,TEFG,6
hopefully,HO*EF,6
operator,PROERT,6
excuse,SKAOUS,6
shareholder,SHOERLD,6
proportion,PORPGS,6
collaboration,KHRABGS,6
visible,SREUBL,6
consist,KAO,6
afterwards,A*FRDZ,6
moonlight,PHAOLGT,6
crystal,KREUFL,6
district,TKR*T,6
surgeon,SURG,6
consumer,KAOURPL,6
necessity,TPHOEUFT,6
reasonably,RAEPBL,6
infer,TPH-FR,6
revenge,REFPBG,6
sweater,SWERT,6
parameter,PRAPLT,6
congressional,KO*PBG/TPHAL,6
foundation,TPO*UPBGS,6
want to have,WAOEPBT/SR,6
disturbing,TKEUS/TURBG,6
hero,HOEUR,6
spending,SPEPBG,6
newspaper,TPHUP,6
prescribe,PREUB,6
authentic,A*UT/EUBG,6
china,KHOEUPB,6
transition,TREUGS,6
wednesday,WEPBZ,6
innovative,EUPB/SRAEUFT,6
devote,TKWOET,6
humor,HAOURPL,6
headache,HAEUBG,6
substantially,SAUBS/HREU,6
aggressive,A/TKPWREF,6
alternative,HR-FRPB,6
remainder,RAEURPBD,6
alcoholic,KHOLG,6
minimum,PHEUPL,6
retired,RAO*EURD,6
extremely,KPRAOEPL,6
extraordinary,KPRORD,6
offender,TPOERPBD,6
respected,R-PTD,6
therapy,TH*ERP,6
aluminum,HRUPL/TPHUPL,6
spectacular,SPHRAR,6
dislike,STKHRAOEUBG,6
processes,PROEUSZ,6
background,PW-GD,6
surgery,S-RPBLG,6
download,TKHROED,6
angel,SKWRA*EUPBL,6
interim,SPWERPL,6
frightening,TPRAOEUT/EPBG,6
resemble,REUBL,6
consequently,SKW*EPBL,6
gotten,TKPW*PB,6
understand that,THAURPBD,6
assume,SAOUPL,6
commodity,KPHOT,6
all right,HR-RT,6
philosophical,TPO*FL,6
duo,TKWOE,6
worry,WOER,6
mechanic,PHEBG/TPHEUBG,6
jurisdiction,SKWRUBGS,6
cigarette,STKPWRET,6
occurrence,KAOURPBS,6
association,SOEGS,6
membership,PHEP,6
intensive,SPWEPB/S*EUF,6
tuition,TWEUGS,6
temporarily,TRAERL,6
illness,EUPBLS,6
i can't,AOEUBGT,6
urgent,URGT,6
popularity,PHRA*RT,6
garden,TKPWA*RPB,6
menu,PHAOUPB,6
sector,SERBGT,6
proportion,PRORGS,6
exaggerate,KPAPBLG/RAEUT,6
complication,KPHREUBGS,6
exotic,KPOT/EUBG,6
hobby,HOEUB,6
filmmaker,TPEUPL/PHAEURBG,6
visor,SRAOEURZ,6
defensive,TKEFS/*EUF,6
transcript,TREUPT,6
definitely,TKEFBL,6
allocate,KHRA*EUT,6
pirate,PAOEURT,6
infrastructure,TPRUBGS,6
roughly,R*UFL,6
policeman,PHRAPL,6
activation,TAEFGS,6
divorce,TKWORS,6
benefits,PWEFS,6
receipt,RAOET,6
translation,THRAEUGS,6
diplomatic,TKEUP/HROE/PH-BG,6
discourage,STKURPBLG,6
fundraising,TPRAEUG,6
intensify,SPWEPBS/TPEU,6
immune,TPHOEUPL,6
transparent,TRAEUPBT,6
symbol,SPWOL,6
confusing,KAOUFG,6
memorable,PH*EPL,6
electoral,HREBG/TORL,6
taxpayer,TA*EUP,6
start with,STWART,6
essentially,AOELGS,6
opposed,PO*EFD,6
similarly,SEUPL/HRARL,6
arrangement,A/RAEUPLT,6
anxious,KPUS,6
sculpture,SKAOUFP,6
browser,PWROURS,6
semester,SPHEFR,6
echo,KHO,6
competing,KPAOEGT,6
temporary,TRAER,6
typically,TEUP/KHREU,5
lifted,HREUFTD,5
branches,PWRAFPBS,5
settled,S*ELTD,5
where is,WR-S,5
subtract,STRABGT,5
show it,STHOE,5
too good,TAOGD,5
saline,SA*EUPBL,5
conventional,SREPBL,5
girlfriends,TKPWOEUFS,5
should not,SHOPBLT,5
timeline,THRAOEUPB,5
much for,TPHOUFRP,5
how late,HOULT,5
--,TK-R,5
follow up,TPHROUP,5
they should,THERBD,5
any fact,TPHEUFBGT,5
classes,KHRASZ,5
would believe,WOUBL,5
spaces,SPAEUFS,5
candy,KAEPBD,5
are being,R-BG,5
that want,THAPT,5
efficient,TP-RBT,5
efficiently,TPAOERBL,5
distribute,TKR-B,5
others,OERS,5
have a lot,SRA*EU/HROELT,5
have a lot of,SRA*EU/HROEFLT,5
closer,KHROERS,5
will say,HR-BZ,5
remarkably,RARBG/PWHREU,5
creative,KRAOEF,5
painters,PA*EURPBTS,5
know about,TPHOEBT,5
state of,STAO*F,5
infect,TP*EBGT,5
counted,KOUPBTD,5
understands,URBDZ,5
stenograph,STPRAF,5
could feel,KOUFL,5
whereas,WRAS,5
processor,PROEUFR,5
allows,HRO*US,5
reading,RAEGD,5
when should,WH-RBD,5
though the,THOET,5
he knows,H*EPBS,5
s and the,SKP-TS,5
micro,PHAOEURBG,5
working with,WORBG/W-G,5
comfortable,K-BL,5
breathing,PWRAO*EGT,5
gravity,TKPWRA*FT,5
bury,PWR*EU,5
things,THEUBGS,5
disease,TK-Z,5
understanding,URBGD,5
perspectives,PEFS,5
environmental,SRO*EUL,5
leadership,HRAOERP,5
college,KHR*EPBLG,5
folks,TPOBG,5
camps,KA*PLZ,5
is to be,STOB,5
lifestyle,SHRAOEUL,5
recent,RAOEPBT,5
development,SREPLT,5
widely,WAELD,5
ethics,TH*EBGS,5
enormous,TPHO*RPLS,5
changes,KHAEUPGS,5
surely,SHURL,5
september,SEPT,5
given the,TKPWEUFPBT,5
survival,SWAOEUFL,5
available,SRAEUBL,5
looking at,HRAOG/ALT,5
capital,KPAL,5
inter,SPWR,5
so long as,SHROEPBGS,5
council,KO*UPBL,5
salad,SALD,5
context,KEGT,5
notebook,TPHAO*B,5
basis,PWAES,5
ourselves,O*URSZ,5
holding,HOELGD,5
walk in,TPWHAUBG,5
marginal,PHARPBL,5
comply,KHRAOEU,5
dictator,TKEUBG/TAEURT,5
assist,S*EUFT,5
inhibit,HEURBT,5
tablet,TABLT,5
foundation,TPOUPBGS,5
recipient,SEUPT,5
media,PHO*EUD,5
adhere,TKHAOER,5
ask the,SK-T,5
autumn,AUPLT,5
secondly,SELGD,5
leave it,THREF,5
deficient,TKEURBT,5
auto,OEUT,5
respond to,STPOPBD,5
performance,PORPBGS,5
inspection,SPEBGS,5
correspondent,KOR/SPOPBT,5
deploy,TKPHROEU,5
and i can't,SKPEUBG/-PBT,5
hostility,HOFT/EULT,5
racist,RAEUFT,5
recall,-RL,5
accumulation,ABG/HRAEUGS,5
that you've,THAUF,5
ante,AEPBT,5
frustrating,TPRUFT/RAEUGT,5
thoreau,THRO*,5
majority,PHA/SKWROERT,5
persistent,PERPBT,5
adopt,TKOPT,5
whether or not,WHORPB,5
detail,TKAOET,5
simultaneous,KPHULT,5
picking,P*EUG,5
archive,KRAOEUF,5
relationships,R*EUPS,5
diminish,TKPHEURB,5
glasses,TKPWHRAFS,5
cognitive,KO*F,5
motorcycle,PHOEUBG,5
dentistry,STKREU,5
colonial,KHROEPBL,5
biological,PWHR-LG,5
learned from,TPHRERPBD,5
statistic,ST*BG,5
indeed,TPHAOEPBD,5
priorities,PRAOEURTS,5
very much,SREFP,5
as much as,SUFPZ,5
terrorist,TER/R*EUS,5
advance,SRA*PBS,5
database,TKAEUBS,5
equation,KWA*EUS,5
additionally,AGS/HREU,5
resource,ROURS,5
destructive,STKRUF,5
we say,WEBZ,5
legendary,HRAEPBLG/AER,5
profession,PREFGS,5
radio,ROEUD,5
coordinator,KAORD/TPHAEURT,5
finished,TP*EURBD,5
pointed,POEUPTD,5
sentences,STPH-PBSZ,5
reverse,R*EFRS,5
restoration,R-FGS,5
turn in,TPHURPB,5
deteriorate,TKRAOER/RAEUT,5
remote,RAOEPLT,5
analogy,TPHALG,5
supervision,SAO*UFPGS,5
too bad,TAOBD,5
urban,*URPB,5
historic,HEUFT/R-G,5
rebel,R*EBL,5
constitute,TAOUT,5
dominant,TKOPLT,5
commonly,KPHOPBL,5
persistent,PAOPBT,5
specification,SPEFBGS,5
responded,SPOPBD/-D,5
thought is,STHAUT,5
backup,PWA*UP,5
peaceful,PAEFL,5
seemingly,SAOEPLG/HREU,5
aspiration,SPRA*EUGS,5
resident,REPBLT,5
watching,WAFPG,5
placement,34R5EU789,5
warming,WARPLG,5
warehouse,WROUS,5
exploration,EBGS/PHRORGS,5
supposedly,SPOEFLD,5
stupid,STAOUPD,5
stupidity,STAOUPTD,5
complicated,PHREUBGD,5
forces,TPORSZ,5
achievement,KHEFPLT,5
publication,PHR*EUBGS,5
casual,KAEFL,5
understanding,UPBGS,5
performance,PHORPLS,5
psychiatric,SKRABG,5
what you can,WHAUBG,5
pregnancy,PRAEGS,5
dependence,TK*EPBS,5
logo,HROEUG,5
operational,PRAEUGS/A*L,5
highlight,HAOEULT,5
this morning,TH-RPBG,5
backing,PWA*G,5
awesome,AUFPL,5
partnership,PARP,5
determination,TKERPLGS,5
restaurant,STRAPBT,5
module,PHAOULD,5
congratulate,TKPWRAT/HRAEUT,5
he wants,HEPTS,5
definition,TKEFGS,5
the court,TKORT,5
candle,KA*PBLD,5
newsletter,TPHUS/HRER,5
so i will,SO/HREU,5
surprising,SPRAOEUG,5
trio,TRO*EU,5
realization,RAELGS,5
competent,KPE,5
ones,WUPBZ,5
amazing,A/PHAEUFG,5
coffee,KOEF,5
dies,TKAOEUZ,5
morning and,SKPHORPBG,5
adding,AGD,5
elector,HREBG/TOR,5
contribution,KR-BGS,5
breakthrough,PWREBG/THRAU,5
medium,PHAO*EPLD,5
prevalence,PREFLS,5
some of the,SOFPLT,5
decent,TKAOEPBT,5
painter,PA*EURPBT,5
signal,STPHAL,5
waited,WAEUTD,5
mortal,PHOERLT,5
should have been,SHOUFB,5
accent,KP*EPBT,5
take a look,THRAOBG,5
envelope,TPH-FL,5
easter,AOEFRT,5
relieved,RE/HREFD,5
exclude,SKHRAOUD,5
composer,KPOERS,5
reporting,RORPG,5
sailor,SAEURL,5
publishing,PHR*EURBG,5
it felt,T-FLT,5
breakfast,PWR-FT,5
compel,KPEL,5
do you know,TKAOUPBLG,5
thoughtful,THAUFL,5
loses,HRAOUFS,5
-day,TKA*EU,5
state of,STAOF,5
objective,OB/EUF,5
destroy,TKROEU,5
loyalty,HROEULT,5
parallel,PHREL,5
talked to,TAOUBGD,5
strategic,STRAO*EBG,5
scary,SKAER,5
whatsoever,WHA/SOFR,5
implication,*EUP/KAEUGS,5
i don't believe,KWROBL,5
saturday,SARD,5
nutrition,TPHAOURGS,5
closes,KHRO*EFS,5
liter,HEURT,5
photographer,TPOEFR,5
resistance,R*EUFPBS,5
disappointment,TKOEUPLT,5
attachment,TAPLT,5
at once,TWUPBS,5
parliament,PAERPLT,5
championship,KHA*PL/SH-P,5
residential,REPBL,5
graphic,TKPWRAFBG,5
biology,PWOLG,5
delay,TKHREU,5
demand,TKPHAPBD,5
i didn't want,KWREUPT,5
approximately,PROBGS/HREU,5
politician,PHREUGS,5
simple,SEUFRP,5
seriously,SAOERLS,5
sensitivity,STPH*EUFT,5
racism,RAEUFPL,5
divorced,TKWORS/-D,5
indigenous,SKWRO*US,5
acid,SA*EUD,5
procedure,PRAOERD,5
treaty,TRAET,5
eager,AOERG,5
counter,KO*URPBT,5
exist,KP*EUS,5
inspector,SPOERBGT,5
initiate,TPHEURBT,5
enjoyable,SKWROEUBL,5
skiing,SKEUG,5
construct,KRUBGT,5
symbolic,SEUPL/PWO*LG,5
ing on,OPBG,5
trailer,TRAEURL,5
obstacles,OBS/K-LS,5
recession,R*EFGS,5
situate,SEUFPT,5
speaker,SPAOERBG,5
surveillance,SUR/SRAEUPBS,5
pepper,PAOERP,5
literacy,HREUT/RAES,5
missing,PHEUFG,5
defect,TKEFBGT,5
commissioner,KPHER,5
closure,KHRO*ERS,5
everything's,EFRGS,5
statistical,STATS/K-L,5
beloved,PWHROFD,5
simultaneously,SPHUPLT,5
everyone to,TOEFRPB,5
comic,KO*BG,5
contemporary,KPAER,5
charley,KHAERL,5
universities,AOUFRTS,5
guys,TKPWAOUZ,5
facilities,TPAS/EULTS,5
missed,PHEUFD,5
for instance,TPREUPS,5